{"FID": 163.99703979492188, "CLIP score": 31.42366752624512, "SSIM": 0.6089285612106323, "LPIPS": 0.35348859429359436, "ratio buckets": {"0-10": 0, "10-20": 6, "20-30": 4, "30-40": 0, "40-50": 0, "50-60": 0, "60-70": 0, "70-80": 0, "80-90": 0, "90-100": 0}}