{"FID": 63.93267822265625, "CLIP score": 30.725105694362096, "SSIM": 0.642145037651062, "LPIPS": 0.3044818639755249, "MSE": 0.010381625965237617, "PSNR": 19.837345123291016, "DISTS": 0.12858179211616516, "DINOv2": 0.8979163765907288, "ratio buckets": {"0-5": 0, "5-10": 0, "10-15": 18, "15-20": 26, "20-25": 10, "25-30": 2, "30-35": 0, "35-40": 0, "40-45": 0, "45-50": 0, "50-55": 0, "55-60": 0, "60-65": 0, "65-70": 0, "70-75": 0, "75-80": 0, "80-85": 0, "85-90": 0, "90-95": 0}}