{"FID": 61.40032196044922, "CLIP score": 30.800472293581283, "SSIM": 0.6398459076881409, "LPIPS": 0.3069295883178711, "MSE": 0.010292217135429382, "PSNR": 19.874910354614258, "ratio buckets": {"0-5": 0, "5-10": 0, "10-15": 18, "15-20": 26, "20-25": 10, "25-30": 2, "30-35": 0, "35-40": 0, "40-45": 0, "45-50": 0, "50-55": 0, "55-60": 0, "60-65": 0, "65-70": 0, "70-75": 0, "75-80": 0, "80-85": 0, "85-90": 0, "90-95": 0}}