{"FID": 65.25947570800781, "CLIP score": 30.56060583250863, "SSIM": 0.6400977373123169, "LPIPS": 0.3063328266143799, "MSE": 0.010278954170644283, "PSNR": 19.880510330200195, "ratio buckets": {"0-5": 0, "5-10": 0, "10-15": 18, "15-20": 26, "20-25": 10, "25-30": 2, "30-35": 0, "35-40": 0, "40-45": 0, "45-50": 0, "50-55": 0, "55-60": 0, "60-65": 0, "65-70": 0, "70-75": 0, "75-80": 0, "80-85": 0, "85-90": 0, "90-95": 0}}