{"FID": 73.78812408447266, "CLIP score": 30.346397752761842, "SSIM": 0.6452438831329346, "LPIPS": 0.3233998119831085, "MSE": 0.008493992500007153, "PSNR": 20.708881378173828, "DISTS": 0.14005284011363983, "DINOv2": 0.8845894932746887, "ratio buckets": {"0-5": 0, "5-10": 2, "10-15": 54, "15-20": 85, "20-25": 49, "25-30": 9, "30-35": 1, "35-40": 0, "40-45": 0, "45-50": 0, "50-55": 0, "55-60": 0, "60-65": 0, "65-70": 0, "70-75": 0, "75-80": 0, "80-85": 0, "85-90": 0, "90-95": 0}}