{"FID": 61.637027740478516, "CLIP score": 30.433603048324585, "SSIM": 0.6266460418701172, "LPIPS": 0.31198108196258545, "MSE": 0.011391837149858475, "PSNR": 19.43406105041504, "DISTS": 0.13245682418346405, "DINOv2": 0.8778572678565979, "ratio buckets": {"0-5": 0, "5-10": 2, "10-15": 54, "15-20": 85, "20-25": 49, "25-30": 9, "30-35": 1, "35-40": 0, "40-45": 0, "45-50": 0, "50-55": 0, "55-60": 0, "60-65": 0, "65-70": 0, "70-75": 0, "75-80": 0, "80-85": 0, "85-90": 0, "90-95": 0}}