{"FID": 61.9636116027832, "CLIP score": 30.573840481894358, "SSIM": 0.6431818008422852, "LPIPS": 0.3040030598640442, "MSE": 0.010297215543687344, "PSNR": 19.872802734375, "DISTS": 0.12764941155910492, "DINOv2": 0.9028130173683167, "ratio buckets": {"0-5": 0, "5-10": 0, "10-15": 18, "15-20": 26, "20-25": 10, "25-30": 2, "30-35": 0, "35-40": 0, "40-45": 0, "45-50": 0, "50-55": 0, "55-60": 0, "60-65": 0, "65-70": 0, "70-75": 0, "75-80": 0, "80-85": 0, "85-90": 0, "90-95": 0}}