{"FID": 62.12633514404297, "CLIP score": 30.793028150285995, "SSIM": 0.6399378776550293, "LPIPS": 0.30686134099960327, "MSE": 0.010271183215081692, "PSNR": 19.8837947845459, "ratio buckets": {"0-5": 0, "5-10": 0, "10-15": 18, "15-20": 26, "20-25": 10, "25-30": 2, "30-35": 0, "35-40": 0, "40-45": 0, "45-50": 0, "50-55": 0, "55-60": 0, "60-65": 0, "65-70": 0, "70-75": 0, "75-80": 0, "80-85": 0, "85-90": 0, "90-95": 0}}