{"FID": 59.44941711425781, "CLIP score": 30.867604766573226, "SSIM": 0.6438250541687012, "LPIPS": 0.30414101481437683, "MSE": 0.009760101325809956, "PSNR": 20.105457305908203, "DISTS": 0.12893249094486237, "DINOv2": 0.8999915719032288, "ratio buckets": {"0-5": 0, "5-10": 0, "10-15": 18, "15-20": 26, "20-25": 10, "25-30": 2, "30-35": 0, "35-40": 0, "40-45": 0, "45-50": 0, "50-55": 0, "55-60": 0, "60-65": 0, "65-70": 0, "70-75": 0, "75-80": 0, "80-85": 0, "85-90": 0, "90-95": 0}}