{"FID": 63.66399383544922, "CLIP score": 30.3098215675354, "SSIM": 0.6359363794326782, "LPIPS": 0.3141114413738251, "MSE": 0.010355955921113491, "PSNR": 19.84809684753418, "DISTS": 0.13422226905822754, "DINOv2": 0.8755369186401367, "ratio buckets": {"0-5": 0, "5-10": 2, "10-15": 54, "15-20": 85, "20-25": 49, "25-30": 9, "30-35": 1, "35-40": 0, "40-45": 0, "45-50": 0, "50-55": 0, "55-60": 0, "60-65": 0, "65-70": 0, "70-75": 0, "75-80": 0, "80-85": 0, "85-90": 0, "90-95": 0}}