{"FID": 78.85050964355469, "CLIP score": 30.64318026815142, "SSIM": 0.6133800148963928, "LPIPS": 0.3223060071468353, "MSE": 0.01544380933046341, "PSNR": 18.112455368041992, "DISTS": 0.13931049406528473, "DINOv2": 0.8629348874092102, "ratio buckets": {"0-5": 0, "5-10": 0, "10-15": 18, "15-20": 26, "20-25": 10, "25-30": 2, "30-35": 0, "35-40": 0, "40-45": 0, "45-50": 0, "50-55": 0, "55-60": 0, "60-65": 0, "65-70": 0, "70-75": 0, "75-80": 0, "80-85": 0, "85-90": 0, "90-95": 0}}