{"FID": 60.46065902709961, "CLIP score": 30.842851843152726, "SSIM": 0.6437038779258728, "LPIPS": 0.3046092987060547, "MSE": 0.009761915542185307, "PSNR": 20.10464859008789, "DISTS": 0.12875883281230927, "DINOv2": 0.8977154493331909, "ratio buckets": {"0-5": 0, "5-10": 0, "10-15": 18, "15-20": 26, "20-25": 10, "25-30": 2, "30-35": 0, "35-40": 0, "40-45": 0, "45-50": 0, "50-55": 0, "55-60": 0, "60-65": 0, "65-70": 0, "70-75": 0, "75-80": 0, "80-85": 0, "85-90": 0, "90-95": 0}}