{"FID": 59.89968490600586, "CLIP score": 30.479006938934326, "SSIM": 0.6270076632499695, "LPIPS": 0.3117341995239258, "MSE": 0.011214216239750385, "PSNR": 19.502309799194336, "DISTS": 0.1324603110551834, "DINOv2": 0.8780104517936707, "ratio buckets": {"0-5": 0, "5-10": 2, "10-15": 54, "15-20": 85, "20-25": 49, "25-30": 9, "30-35": 1, "35-40": 0, "40-45": 0, "45-50": 0, "50-55": 0, "55-60": 0, "60-65": 0, "65-70": 0, "70-75": 0, "75-80": 0, "80-85": 0, "85-90": 0, "90-95": 0}}