{"FID": 58.1445426940918, "CLIP score": 30.778440986360824, "SSIM": 0.6439396739006042, "LPIPS": 0.3034586012363434, "MSE": 0.009645707905292511, "PSNR": 20.15665626525879, "DISTS": 0.1287868618965149, "DINOv2": 0.9010183811187744, "ratio buckets": {"0-5": 0, "5-10": 0, "10-15": 18, "15-20": 26, "20-25": 10, "25-30": 2, "30-35": 0, "35-40": 0, "40-45": 0, "45-50": 0, "50-55": 0, "55-60": 0, "60-65": 0, "65-70": 0, "70-75": 0, "75-80": 0, "80-85": 0, "85-90": 0, "90-95": 0}}