{"FID": 73.16259002685547, "CLIP score": 30.599157912390574, "SSIM": 0.6231825947761536, "LPIPS": 0.3169994354248047, "MSE": 0.01147671788930893, "PSNR": 19.401823043823242, "DISTS": 0.13262900710105896, "DINOv2": 0.8887420296669006, "ratio buckets": {"0-5": 0, "5-10": 0, "10-15": 18, "15-20": 26, "20-25": 10, "25-30": 2, "30-35": 0, "35-40": 0, "40-45": 0, "45-50": 0, "50-55": 0, "55-60": 0, "60-65": 0, "65-70": 0, "70-75": 0, "75-80": 0, "80-85": 0, "85-90": 0, "90-95": 0}}