{"FID": 66.55992126464844, "CLIP score": 30.490648279190065, "SSIM": 0.6172066926956177, "LPIPS": 0.3224908709526062, "MSE": 0.013196412473917007, "PSNR": 18.795440673828125, "DISTS": 0.13811703026294708, "DINOv2": 0.8621857762336731, "ratio buckets": {"0-5": 0, "5-10": 2, "10-15": 54, "15-20": 85, "20-25": 49, "25-30": 9, "30-35": 1, "35-40": 0, "40-45": 0, "45-50": 0, "50-55": 0, "55-60": 0, "60-65": 0, "65-70": 0, "70-75": 0, "75-80": 0, "80-85": 0, "85-90": 0, "90-95": 0}}