{"FID": 62.93585205078125, "CLIP score": 30.247342557907103, "SSIM": 0.6360413432121277, "LPIPS": 0.31405311822891235, "MSE": 0.010328186675906181, "PSNR": 19.859758377075195, "DISTS": 0.1342310905456543, "DINOv2": 0.8756545782089233, "ratio buckets": {"0-5": 0, "5-10": 2, "10-15": 54, "15-20": 85, "20-25": 49, "25-30": 9, "30-35": 1, "35-40": 0, "40-45": 0, "45-50": 0, "50-55": 0, "55-60": 0, "60-65": 0, "65-70": 0, "70-75": 0, "75-80": 0, "80-85": 0, "85-90": 0, "90-95": 0}}