{"FID": 61.66434097290039, "CLIP score": 30.370001945495606, "SSIM": 0.6397162675857544, "LPIPS": 0.31150224804878235, "MSE": 0.009579821489751339, "PSNR": 20.186420440673828, "PickScore": 20.717251701354982, "DISTS": 0.13169214129447937, "DINOv2": 0.8838128447532654, "ratio buckets": {"0-5": 0, "5-10": 2, "10-15": 54, "15-20": 85, "20-25": 49, "25-30": 9, "30-35": 1, "35-40": 0, "40-45": 0, "45-50": 0, "50-55": 0, "55-60": 0, "60-65": 0, "65-70": 0, "70-75": 0, "75-80": 0, "80-85": 0, "85-90": 0, "90-95": 0}}