{"FID": 62.50749588012695, "CLIP score": 30.483078899383546, "SSIM": 0.6243190765380859, "LPIPS": 0.3130146563053131, "MSE": 0.01177550945430994, "PSNR": 19.29019546508789, "PickScore": 20.81482731819153, "DISTS": 0.13311150670051575, "DINOv2": 0.8762592077255249, "ratio buckets": {"0-5": 0, "5-10": 2, "10-15": 54, "15-20": 85, "20-25": 49, "25-30": 9, "30-35": 1, "35-40": 0, "40-45": 0, "45-50": 0, "50-55": 0, "55-60": 0, "60-65": 0, "65-70": 0, "70-75": 0, "75-80": 0, "80-85": 0, "85-90": 0, "90-95": 0}}