{"FID": 62.932613372802734, "CLIP score": 30.24466238975525, "SSIM": 0.6360371112823486, "LPIPS": 0.3140583336353302, "MSE": 0.010329822078347206, "PSNR": 19.85906982421875, "DISTS": 0.1341983526945114, "DINOv2": 0.8756498694419861, "ratio buckets": {"0-5": 0, "5-10": 2, "10-15": 54, "15-20": 85, "20-25": 49, "25-30": 9, "30-35": 1, "35-40": 0, "40-45": 0, "45-50": 0, "50-55": 0, "55-60": 0, "60-65": 0, "65-70": 0, "70-75": 0, "75-80": 0, "80-85": 0, "85-90": 0, "90-95": 0}}