{"FID": 59.29690170288086, "CLIP score": 30.477666473388673, "SSIM": 0.6293955445289612, "LPIPS": 0.311443954706192, "MSE": 0.010792473331093788, "PSNR": 19.66878890991211, "DISTS": 0.1324583739042282, "DINOv2": 0.8759161233901978, "ratio buckets": {"0-5": 0, "5-10": 2, "10-15": 54, "15-20": 85, "20-25": 49, "25-30": 9, "30-35": 1, "35-40": 0, "40-45": 0, "45-50": 0, "50-55": 0, "55-60": 0, "60-65": 0, "65-70": 0, "70-75": 0, "75-80": 0, "80-85": 0, "85-90": 0, "90-95": 0}}