{"FID": 63.865234375, "CLIP score": 30.520333290100098, "SSIM": 0.6370884776115417, "LPIPS": 0.3062081038951874, "MSE": 0.011169065721333027, "PSNR": 19.51983070373535, "DISTS": 0.12956705689430237, "DINOv2": 0.8888694643974304, "ratio buckets": {"0-5": 0, "5-10": 0, "10-15": 18, "15-20": 26, "20-25": 10, "25-30": 2, "30-35": 0, "35-40": 0, "40-45": 0, "45-50": 0, "50-55": 0, "55-60": 0, "60-65": 0, "65-70": 0, "70-75": 0, "75-80": 0, "80-85": 0, "85-90": 0, "90-95": 0}}