{"FID": 65.16059112548828, "CLIP score": 30.703308820724487, "SSIM": 0.642274022102356, "LPIPS": 0.30437007546424866, "MSE": 0.01027128379791975, "PSNR": 19.883752822875977, "ratio buckets": {"0-5": 0, "5-10": 0, "10-15": 18, "15-20": 26, "20-25": 10, "25-30": 2, "30-35": 0, "35-40": 0, "40-45": 0, "45-50": 0, "50-55": 0, "55-60": 0, "60-65": 0, "65-70": 0, "70-75": 0, "75-80": 0, "80-85": 0, "85-90": 0, "90-95": 0}}