{"FID": 66.15872955322266, "CLIP score": 30.545244903564452, "SSIM": 0.617458164691925, "LPIPS": 0.3225551247596741, "MSE": 0.013246508315205574, "PSNR": 18.77898597717285, "DISTS": 0.13927090167999268, "DINOv2": 0.8674047589302063, "ratio buckets": {"0-5": 0, "5-10": 2, "10-15": 54, "15-20": 85, "20-25": 49, "25-30": 9, "30-35": 1, "35-40": 0, "40-45": 0, "45-50": 0, "50-55": 0, "55-60": 0, "60-65": 0, "65-70": 0, "70-75": 0, "75-80": 0, "80-85": 0, "85-90": 0, "90-95": 0}}