{"FID": 59.86775207519531, "CLIP score": 30.352858057022093, "SSIM": 0.6398797631263733, "LPIPS": 0.31108978390693665, "MSE": 0.009633268229663372, "PSNR": 20.162256240844727, "PickScore": 20.73582360267639, "DISTS": 0.13171085715293884, "DINOv2": 0.8839523196220398, "ratio buckets": {"0-5": 0, "5-10": 2, "10-15": 54, "15-20": 85, "20-25": 49, "25-30": 9, "30-35": 1, "35-40": 0, "40-45": 0, "45-50": 0, "50-55": 0, "55-60": 0, "60-65": 0, "65-70": 0, "70-75": 0, "75-80": 0, "80-85": 0, "85-90": 0, "90-95": 0}}