{"FID": 63.11594772338867, "CLIP score": 30.718923841203964, "SSIM": 0.6413207650184631, "LPIPS": 0.3052682876586914, "MSE": 0.010512997396290302, "PSNR": 19.782733917236328, "DISTS": 0.12930427491664886, "DINOv2": 0.8922139406204224, "ratio buckets": {"0-5": 0, "5-10": 0, "10-15": 18, "15-20": 26, "20-25": 10, "25-30": 2, "30-35": 0, "35-40": 0, "40-45": 0, "45-50": 0, "50-55": 0, "55-60": 0, "60-65": 0, "65-70": 0, "70-75": 0, "75-80": 0, "80-85": 0, "85-90": 0, "90-95": 0}}