{"FID": 61.17097091674805, "CLIP score": 30.807096004486084, "SSIM": 0.6437758207321167, "LPIPS": 0.30376407504081726, "MSE": 0.009651543572545052, "PSNR": 20.15403175354004, "DISTS": 0.12889669835567474, "DINOv2": 0.8986365795135498, "ratio buckets": {"0-5": 0, "5-10": 0, "10-15": 18, "15-20": 26, "20-25": 10, "25-30": 2, "30-35": 0, "35-40": 0, "40-45": 0, "45-50": 0, "50-55": 0, "55-60": 0, "60-65": 0, "65-70": 0, "70-75": 0, "75-80": 0, "80-85": 0, "85-90": 0, "90-95": 0}}