{"FID": 58.998477935791016, "CLIP score": 30.366787481307984, "SSIM": 0.6319822072982788, "LPIPS": 0.31109943985939026, "MSE": 0.010358890518546104, "PSNR": 19.846866607666016, "DISTS": 0.13196291029453278, "DINOv2": 0.8767001628875732, "ratio buckets": {"0-5": 0, "5-10": 2, "10-15": 54, "15-20": 85, "20-25": 49, "25-30": 9, "30-35": 1, "35-40": 0, "40-45": 0, "45-50": 0, "50-55": 0, "55-60": 0, "60-65": 0, "65-70": 0, "70-75": 0, "75-80": 0, "80-85": 0, "85-90": 0, "90-95": 0}}