{"FID": 59.17566680908203, "CLIP score": 30.79567892210824, "SSIM": 0.6437939405441284, "LPIPS": 0.30431196093559265, "MSE": 0.009738295339047909, "PSNR": 20.115169525146484, "DISTS": 0.12861119210720062, "DINOv2": 0.8981531858444214, "ratio buckets": {"0-5": 0, "5-10": 0, "10-15": 18, "15-20": 26, "20-25": 10, "25-30": 2, "30-35": 0, "35-40": 0, "40-45": 0, "45-50": 0, "50-55": 0, "55-60": 0, "60-65": 0, "65-70": 0, "70-75": 0, "75-80": 0, "80-85": 0, "85-90": 0, "90-95": 0}}