{"FID": 62.806243896484375, "CLIP score": 30.406668910980226, "SSIM": 0.6409806609153748, "LPIPS": 0.31214454770088196, "MSE": 0.0092660216614604, "PSNR": 20.331066131591797, "DISTS": 0.13299377262592316, "DINOv2": 0.8837324380874634, "ratio buckets": {"0-5": 0, "5-10": 2, "10-15": 54, "15-20": 85, "20-25": 49, "25-30": 9, "30-35": 1, "35-40": 0, "40-45": 0, "45-50": 0, "50-55": 0, "55-60": 0, "60-65": 0, "65-70": 0, "70-75": 0, "75-80": 0, "80-85": 0, "85-90": 0, "90-95": 0}}