{"FID": 60.820274353027344, "CLIP score": 30.376345729827882, "SSIM": 0.6396785378456116, "LPIPS": 0.31146764755249023, "MSE": 0.009629406966269016, "PSNR": 20.163997650146484, "PickScore": 20.735015869140625, "DISTS": 0.13186611235141754, "DINOv2": 0.8827080130577087, "ratio buckets": {"0-5": 0, "5-10": 2, "10-15": 54, "15-20": 85, "20-25": 49, "25-30": 9, "30-35": 1, "35-40": 0, "40-45": 0, "45-50": 0, "50-55": 0, "55-60": 0, "60-65": 0, "65-70": 0, "70-75": 0, "75-80": 0, "80-85": 0, "85-90": 0, "90-95": 0}}