{"FID": 64.4576644897461, "CLIP score": 30.580153737749374, "SSIM": 0.6375663876533508, "LPIPS": 0.30616968870162964, "MSE": 0.01104162447154522, "PSNR": 19.569669723510742, "DISTS": 0.1299966424703598, "DINOv2": 0.8863431215286255, "ratio buckets": {"0-5": 0, "5-10": 0, "10-15": 18, "15-20": 26, "20-25": 10, "25-30": 2, "30-35": 0, "35-40": 0, "40-45": 0, "45-50": 0, "50-55": 0, "55-60": 0, "60-65": 0, "65-70": 0, "70-75": 0, "75-80": 0, "80-85": 0, "85-90": 0, "90-95": 0}}