{"FID": 59.36656951904297, "CLIP score": 30.414653539657593, "SSIM": 0.6397264003753662, "LPIPS": 0.3105602562427521, "MSE": 0.009529347531497478, "PSNR": 20.209367752075195, "DISTS": 0.13167548179626465, "DINOv2": 0.892301619052887, "ratio buckets": {"0-5": 0, "5-10": 2, "10-15": 54, "15-20": 85, "20-25": 49, "25-30": 9, "30-35": 1, "35-40": 0, "40-45": 0, "45-50": 0, "50-55": 0, "55-60": 0, "60-65": 0, "65-70": 0, "70-75": 0, "75-80": 0, "80-85": 0, "85-90": 0, "90-95": 0}}