{"FID": 63.72096252441406, "CLIP score": 30.473821897506713, "SSIM": 0.6229257583618164, "LPIPS": 0.3154735267162323, "MSE": 0.012462788261473179, "PSNR": 19.043846130371094, "DISTS": 0.13455431163311005, "DINOv2": 0.8710599541664124, "ratio buckets": {"0-5": 0, "5-10": 2, "10-15": 54, "15-20": 85, "20-25": 49, "25-30": 9, "30-35": 1, "35-40": 0, "40-45": 0, "45-50": 0, "50-55": 0, "55-60": 0, "60-65": 0, "65-70": 0, "70-75": 0, "75-80": 0, "80-85": 0, "85-90": 0, "90-95": 0}}