{"FID": 60.15412521362305, "CLIP score": 30.78047493525914, "SSIM": 0.6426772475242615, "LPIPS": 0.30322349071502686, "MSE": 0.010237464681267738, "PSNR": 19.898075103759766, "ratio buckets": {"0-5": 0, "5-10": 0, "10-15": 18, "15-20": 26, "20-25": 10, "25-30": 2, "30-35": 0, "35-40": 0, "40-45": 0, "45-50": 0, "50-55": 0, "55-60": 0, "60-65": 0, "65-70": 0, "70-75": 0, "75-80": 0, "80-85": 0, "85-90": 0, "90-95": 0}}