{"FID": 48.97564697265625, "CLIP score": 30.60351205040427, "SSIM": 0.5875192880630493, "LPIPS": 0.3525359630584717, "MSE": 0.020728304982185364, "PSNR": 16.834360122680664, "ratio buckets": {"0-5": 0, "5-10": 14, "10-15": 195, "15-20": 380, "20-25": 222, "25-30": 37, "30-35": 2, "35-40": 0, "40-45": 0, "45-50": 0, "50-55": 0, "55-60": 0, "60-65": 0, "65-70": 0, "70-75": 0, "75-80": 0, "80-85": 0, "85-90": 0, "90-95": 0}}