{"FID": 49.62002182006836, "CLIP score": 30.63898193359375, "SSIM": 0.580075740814209, "LPIPS": 0.3623175323009491, "ratio buckets": {"0-10": 14, "10-20": 575, "20-30": 259, "30-40": 2, "40-50": 0, "50-60": 0, "60-70": 0, "70-80": 0, "80-90": 0, "90-100": 0}}