{"FID": 60.729278564453125, "CLIP score": 30.381997890472412, "SSIM": 0.6397297382354736, "LPIPS": 0.311320960521698, "MSE": 0.009617738425731659, "PSNR": 20.169261932373047, "PickScore": 20.743440914154053, "DISTS": 0.13165119290351868, "DINOv2": 0.8836537599563599, "ratio buckets": {"0-5": 0, "5-10": 2, "10-15": 54, "15-20": 85, "20-25": 49, "25-30": 9, "30-35": 1, "35-40": 0, "40-45": 0, "45-50": 0, "50-55": 0, "55-60": 0, "60-65": 0, "65-70": 0, "70-75": 0, "75-80": 0, "80-85": 0, "85-90": 0, "90-95": 0}}