{"FID": 30.690567016601562, "CLIP score": 30.799769884109498, "SSIM": 0.6256002187728882, "LPIPS": 0.31195268034935, "MSE": 0.010809958912432194, "PSNR": 19.661733627319336, "PickScore": 20.876053312301636, "DISTS": 0.13375146687030792, "DINOv2": 0.8792147636413574, "ratio buckets": {"0-5": 0, "5-10": 17, "10-15": 244, "15-20": 431, "20-25": 265, "25-30": 41, "30-35": 2, "35-40": 0, "40-45": 0, "45-50": 0, "50-55": 0, "55-60": 0, "60-65": 0, "65-70": 0, "70-75": 0, "75-80": 0, "80-85": 0, "85-90": 0, "90-95": 0}}