{"FID": 71.178466796875, "CLIP score": 30.523886308670043, "SSIM": 0.6191211342811584, "LPIPS": 0.3219055235385895, "MSE": 0.013471762649714947, "PSNR": 18.70575523376465, "DISTS": 0.1397613286972046, "DINOv2": 0.8562424778938293, "ratio buckets": {"0-5": 0, "5-10": 2, "10-15": 54, "15-20": 85, "20-25": 49, "25-30": 9, "30-35": 1, "35-40": 0, "40-45": 0, "45-50": 0, "50-55": 0, "55-60": 0, "60-65": 0, "65-70": 0, "70-75": 0, "75-80": 0, "80-85": 0, "85-90": 0, "90-95": 0}}