{"FID": 58.906951904296875, "KID": -0.001542727928608656, "CLIP score": 30.33849705696106, "SSIM": 0.640042245388031, "LPIPS": 0.31095871329307556, "MSE": 0.00958986859768629, "MAE": 0.05111025646328926, "PSNR": 20.18187141418457, "DISTS": 0.13171695172786713, "DINOv2": 0.8873054203391075, "ratio buckets": {"0-5": 0, "5-10": 2, "10-15": 54, "15-20": 85, "20-25": 49, "25-30": 9, "30-35": 1, "35-40": 0, "40-45": 0, "45-50": 0, "50-55": 0, "55-60": 0, "60-65": 0, "65-70": 0, "70-75": 0, "75-80": 0, "80-85": 0, "85-90": 0, "90-95": 0}, "Precision": 1.0, "Recall": 1.0, "Density": 1.076, "Coverage": 1.0}