{"FID": 44.050758361816406, "CLIP score": 30.670238618850707, "SSIM": 0.582424521446228, "LPIPS": 0.3543137311935425, "MSE": 0.021210437640547752, "PSNR": 16.7345027923584, "DISTS": 0.16106049716472626, "DINOv2": 0.8176782727241516, "ratio buckets": {"0-5": 0, "5-10": 17, "10-15": 244, "15-20": 431, "20-25": 265, "25-30": 41, "30-35": 2, "35-40": 0, "40-45": 0, "45-50": 0, "50-55": 0, "55-60": 0, "60-65": 0, "65-70": 0, "70-75": 0, "75-80": 0, "80-85": 0, "85-90": 0, "90-95": 0}}