{"FID": 58.884552001953125, "CLIP score": 30.3942378616333, "SSIM": 0.6288679242134094, "LPIPS": 0.3109220862388611, "MSE": 0.010871805250644684, "PSNR": 19.636981964111328, "DISTS": 0.1319330483675003, "DINOv2": 0.8777512907981873, "ratio buckets": {"0-5": 0, "5-10": 2, "10-15": 54, "15-20": 85, "20-25": 49, "25-30": 9, "30-35": 1, "35-40": 0, "40-45": 0, "45-50": 0, "50-55": 0, "55-60": 0, "60-65": 0, "65-70": 0, "70-75": 0, "75-80": 0, "80-85": 0, "85-90": 0, "90-95": 0}}