{"FID": 84.22579193115234, "CLIP score": 30.69795342854091, "SSIM": 0.6065095067024231, "LPIPS": 0.3327881991863251, "MSE": 0.016444852575659752, "PSNR": 17.839698791503906, "DISTS": 0.14375391602516174, "DINOv2": 0.8575976490974426, "ratio buckets": {"0-5": 0, "5-10": 0, "10-15": 18, "15-20": 26, "20-25": 10, "25-30": 2, "30-35": 0, "35-40": 0, "40-45": 0, "45-50": 0, "50-55": 0, "55-60": 0, "60-65": 0, "65-70": 0, "70-75": 0, "75-80": 0, "80-85": 0, "85-90": 0, "90-95": 0}}