{"FID": 60.4315071105957, "CLIP score": 30.440391635894777, "SSIM": 0.6297330260276794, "LPIPS": 0.31269437074661255, "MSE": 0.010725820437073708, "PSNR": 19.695693969726562, "DISTS": 0.13300150632858276, "DINOv2": 0.8757994771003723, "ratio buckets": {"0-5": 0, "5-10": 2, "10-15": 54, "15-20": 85, "20-25": 49, "25-30": 9, "30-35": 1, "35-40": 0, "40-45": 0, "45-50": 0, "50-55": 0, "55-60": 0, "60-65": 0, "65-70": 0, "70-75": 0, "75-80": 0, "80-85": 0, "85-90": 0, "90-95": 0}}