{"FID": 70.9665298461914, "CLIP score": 30.475680894851685, "SSIM": 0.6096855998039246, "LPIPS": 0.3278234004974365, "MSE": 0.015385004691779613, "PSNR": 18.129024505615234, "DISTS": 0.14081622660160065, "DINOv2": 0.8578338623046875, "ratio buckets": {"0-5": 0, "5-10": 2, "10-15": 54, "15-20": 85, "20-25": 49, "25-30": 9, "30-35": 1, "35-40": 0, "40-45": 0, "45-50": 0, "50-55": 0, "55-60": 0, "60-65": 0, "65-70": 0, "70-75": 0, "75-80": 0, "80-85": 0, "85-90": 0, "90-95": 0}}