{"FID": 70.46190643310547, "CLIP score": 30.51999472618103, "SSIM": 0.6219457983970642, "LPIPS": 0.3207562267780304, "MSE": 0.012245768681168556, "PSNR": 19.120132446289062, "PickScore": 20.709353132247927, "DISTS": 0.13963621854782104, "DINOv2": 0.8615924119949341, "ratio buckets": {"0-5": 0, "5-10": 2, "10-15": 54, "15-20": 85, "20-25": 49, "25-30": 9, "30-35": 1, "35-40": 0, "40-45": 0, "45-50": 0, "50-55": 0, "55-60": 0, "60-65": 0, "65-70": 0, "70-75": 0, "75-80": 0, "80-85": 0, "85-90": 0, "90-95": 0}}