{"FID": 58.72589111328125, "CLIP score": 30.329477939605713, "SSIM": 0.639020562171936, "LPIPS": 0.3110347092151642, "MSE": 0.00971138197928667, "PSNR": 20.127187728881836, "DISTS": 0.1326829046010971, "DINOv2": 0.891697883605957, "ratio buckets": {"0-5": 0, "5-10": 2, "10-15": 54, "15-20": 85, "20-25": 49, "25-30": 9, "30-35": 1, "35-40": 0, "40-45": 0, "45-50": 0, "50-55": 0, "55-60": 0, "60-65": 0, "65-70": 0, "70-75": 0, "75-80": 0, "80-85": 0, "85-90": 0, "90-95": 0}}