{"FID": 67.4405517578125, "CLIP score": 30.577376546859742, "SSIM": 0.6153243780136108, "LPIPS": 0.32440587878227234, "MSE": 0.013713132590055466, "PSNR": 18.628633499145508, "DISTS": 0.14051681756973267, "DINOv2": 0.8574832081794739, "ratio buckets": {"0-5": 0, "5-10": 2, "10-15": 54, "15-20": 85, "20-25": 49, "25-30": 9, "30-35": 1, "35-40": 0, "40-45": 0, "45-50": 0, "50-55": 0, "55-60": 0, "60-65": 0, "65-70": 0, "70-75": 0, "75-80": 0, "80-85": 0, "85-90": 0, "90-95": 0}}