{"FID": 58.488243103027344, "CLIP score": 30.355788316726684, "SSIM": 0.6306162476539612, "LPIPS": 0.3106955289840698, "MSE": 0.010576920583844185, "PSNR": 19.756406784057617, "PickScore": 20.782724084854127, "DISTS": 0.13173088431358337, "DINOv2": 0.8787379264831543, "ratio buckets": {"0-5": 0, "5-10": 2, "10-15": 54, "15-20": 85, "20-25": 49, "25-30": 9, "30-35": 1, "35-40": 0, "40-45": 0, "45-50": 0, "50-55": 0, "55-60": 0, "60-65": 0, "65-70": 0, "70-75": 0, "75-80": 0, "80-85": 0, "85-90": 0, "90-95": 0}}