{"FID": 60.246150970458984, "CLIP score": 30.387088537216187, "SSIM": 0.64081871509552, "LPIPS": 0.3116719126701355, "MSE": 0.009284484200179577, "PSNR": 20.322420120239258, "DISTS": 0.13238120079040527, "DINOv2": 0.8897351026535034, "ratio buckets": {"0-5": 0, "5-10": 2, "10-15": 54, "15-20": 85, "20-25": 49, "25-30": 9, "30-35": 1, "35-40": 0, "40-45": 0, "45-50": 0, "50-55": 0, "55-60": 0, "60-65": 0, "65-70": 0, "70-75": 0, "75-80": 0, "80-85": 0, "85-90": 0, "90-95": 0}}