{"FID": 60.443546295166016, "CLIP score": 30.404285078048705, "SSIM": 0.6399452686309814, "LPIPS": 0.3111012876033783, "MSE": 0.009619522839784622, "PSNR": 20.16845703125, "PickScore": 20.747427778244017, "DISTS": 0.13187071681022644, "DINOv2": 0.8873695731163025, "ratio buckets": {"0-5": 0, "5-10": 2, "10-15": 54, "15-20": 85, "20-25": 49, "25-30": 9, "30-35": 1, "35-40": 0, "40-45": 0, "45-50": 0, "50-55": 0, "55-60": 0, "60-65": 0, "65-70": 0, "70-75": 0, "75-80": 0, "80-85": 0, "85-90": 0, "90-95": 0}}