{"FID": 63.624149322509766, "CLIP score": 30.313535051345823, "SSIM": 0.6359288096427917, "LPIPS": 0.31410425901412964, "MSE": 0.010356479324400425, "PSNR": 19.847877502441406, "DISTS": 0.13423098623752594, "DINOv2": 0.8755091428756714, "ratio buckets": {"0-5": 0, "5-10": 2, "10-15": 54, "15-20": 85, "20-25": 49, "25-30": 9, "30-35": 1, "35-40": 0, "40-45": 0, "45-50": 0, "50-55": 0, "55-60": 0, "60-65": 0, "65-70": 0, "70-75": 0, "75-80": 0, "80-85": 0, "85-90": 0, "90-95": 0}}