{"FID": 63.615657806396484, "CLIP score": 30.305949649810792, "SSIM": 0.6358827352523804, "LPIPS": 0.31420058012008667, "MSE": 0.010379393585026264, "PSNR": 19.838279724121094, "DISTS": 0.13427099585533142, "DINOv2": 0.8767982125282288, "ratio buckets": {"0-5": 0, "5-10": 2, "10-15": 54, "15-20": 85, "20-25": 49, "25-30": 9, "30-35": 1, "35-40": 0, "40-45": 0, "45-50": 0, "50-55": 0, "55-60": 0, "60-65": 0, "65-70": 0, "70-75": 0, "75-80": 0, "80-85": 0, "85-90": 0, "90-95": 0}}