{"FID": 82.3033218383789, "CLIP score": 30.597648688725062, "SSIM": 0.6084538698196411, "LPIPS": 0.330078125, "MSE": 0.015569762326776981, "PSNR": 18.077178955078125, "DISTS": 0.14187954366207123, "DINOv2": 0.8636067509651184, "ratio buckets": {"0-5": 0, "5-10": 0, "10-15": 18, "15-20": 26, "20-25": 10, "25-30": 2, "30-35": 0, "35-40": 0, "40-45": 0, "45-50": 0, "50-55": 0, "55-60": 0, "60-65": 0, "65-70": 0, "70-75": 0, "75-80": 0, "80-85": 0, "85-90": 0, "90-95": 0}}